time_tag,sxr_a,sxr_b,source
2022-03-28 10:00:00+00:00,5.717794176267413e-08,7.147242720334266e-07,offline replay calibrated to GOES class/timing for 2022-03-28 X1.5
2022-03-28 10:01:00+00:00,5.7511403707907743e-08,7.188925463488468e-07,offline replay calibrated to GOES class/timing for 2022-03-28 X1.5
2022-03-28 10:02:00+00:00,5.7848495586677736e-08,7.231061948334717e-07,offline replay calibrated to GOES class/timing for 2022-03-28 X1.5
2022-03-28 10:03:00+00:00,5.8189294236386435e-08,7.273661779548304e-07,offline replay calibrated to GOES class/timing for 2022-03-28 X1.5
2022-03-28 10:04:00+00:00,5.8533887788000866e-08,7.316735973500108e-07,offline replay calibrated to GOES class/timing for 2022-03-28 X1.5
2022-03-28 10:05:00+00:00,5.8882376283661406e-08,7.360297035457676e-07,offline replay calibrated to GOES class/timing for 2022-03-28 X1.5
2022-03-28 10:06:00+00:00,5.92348723161995e-08,7.404359039524938e-07,offline replay calibrated to GOES class/timing for 2022-03-28 X1.5
2022-03-28 10:07:00+00:00,5.9591501690740544e-08,7.448937711342567e-07,offline replay calibrated to GOES class/timing for 2022-03-28 X1.5
2022-03-28 10:08:00+00:00,5.995240410846981e-08,7.494050513558726e-07,offline replay calibrated to GOES class/timing for 2022-03-28 X1.5
2022-03-28 10:09:00+00:00,6.031773387252513e-08,7.539716734065641e-07,offline replay calibrated to GOES class/timing for 2022-03-28 X1.5
2022-03-28 10:10:00+00:00,6.068766061584707e-08,7.585957576980884e-07,offline replay calibrated to GOES class/timing for 2022-03-28 X1.5
2022-03-28 10:11:00+00:00,6.106237005066534e-08,7.632796256333167e-07,offline replay calibrated to GOES class/timing for 2022-03-28 X1.5
2022-03-28 10:12:00+00:00,6.144206473912489e-08,7.680258092390611e-07,offline replay calibrated to GOES class/timing for 2022-03-28 X1.5
2022-03-28 10:13:00+00:00,6.182696488435657e-08,7.728370610544571e-07,offline replay calibrated to GOES class/timing for 2022-03-28 X1.5
2022-03-28 10:14:00+00:00,6.221730914107109e-08,7.777163642633885e-07,offline replay calibrated to GOES class/timing for 2022-03-28 X1.5
2022-03-28 10:15:00+00:00,6.261335544449973e-08,7.826669430562466e-07,offline replay calibrated to GOES class/timing for 2022-03-28 X1.5
2022-03-28 10:16:00+00:00,6.301538185621836e-08,7.876922732027295e-07,offline replay calibrated to GOES class/timing for 2022-03-28 X1.5
2022-03-28 10:17:00+00:00,6.34236874250688e-08,7.927960928133599e-07,offline replay calibrated to GOES class/timing for 2022-03-28 X1.5
2022-03-28 10:18:00+00:00,6.383859306103193e-08,7.97982413262899e-07,offline replay calibrated to GOES class/timing for 2022-03-28 X1.5
2022-03-28 10:19:00+00:00,6.426044241950643e-08,8.032555302438304e-07,offline replay calibrated to GOES class/timing for 2022-03-28 X1.5
2022-03-28 10:20:00+00:00,6.468960279300194e-08,8.086200349125242e-07,offline replay calibrated to GOES class/timing for 2022-03-28 X1.5
2022-03-28 10:21:00+00:00,6.512646600676391e-08,8.140808250845488e-07,offline replay calibrated to GOES class/timing for 2022-03-28 X1.5
2022-03-28 10:22:00+00:00,6.557144931430621e-08,8.196431164288276e-07,offline replay calibrated to GOES class/timing for 2022-03-28 X1.5
2022-03-28 10:23:00+00:00,6.602499628823128e-08,8.25312453602891e-07,offline replay calibrated to GOES class/timing for 2022-03-28 X1.5
2022-03-28 10:24:00+00:00,6.648757770106768e-08,8.31094721263346e-07,offline replay calibrated to GOES class/timing for 2022-03-28 X1.5
2022-03-28 10:25:00+00:00,6.695969239014388e-08,8.369961548767985e-07,offline replay calibrated to GOES class/timing for 2022-03-28 X1.5
2022-03-28 10:26:00+00:00,6.744186809974684e-08,8.430233512468355e-07,offline replay calibrated to GOES class/timing for 2022-03-28 X1.5
2022-03-28 10:27:00+00:00,6.793466229297912e-08,8.491832786622391e-07,offline replay calibrated to GOES class/timing for 2022-03-28 X1.5
2022-03-28 10:28:00+00:00,6.843866292483006e-08,8.554832865603758e-07,offline replay calibrated to GOES class/timing for 2022-03-28 X1.5
2022-03-28 10:29:00+00:00,6.895448916701265e-08,8.619311145876581e-07,offline replay calibrated to GOES class/timing for 2022-03-28 X1.5
2022-03-28 10:30:00+00:00,6.948279207409001e-08,8.685349009261251e-07,offline replay calibrated to GOES class/timing for 2022-03-28 X1.5
2022-03-28 10:31:00+00:00,7.002425517932351e-08,8.753031897415439e-07,offline replay calibrated to GOES class/timing for 2022-03-28 X1.5
2022-03-28 10:32:00+00:00,7.057959500752325e-08,8.822449375940407e-07,offline replay calibrated to GOES class/timing for 2022-03-28 X1.5
2022-03-28 10:33:00+00:00,7.114956149097419e-08,8.893695186371772e-07,offline replay calibrated to GOES class/timing for 2022-03-28 X1.5
2022-03-28 10:34:00+00:00,7.173493827325383e-08,8.966867284156729e-07,offline replay calibrated to GOES class/timing for 2022-03-28 X1.5
2022-03-28 10:35:00+00:00,7.233654288446094e-08,9.042067860557617e-07,offline replay calibrated to GOES class/timing for 2022-03-28 X1.5
2022-03-28 10:36:00+00:00,7.29552267700461e-08,9.119403346255763e-07,offline replay calibrated to GOES class/timing for 2022-03-28 X1.5
2022-03-28 10:37:00+00:00,7.359187515409428e-08,9.198984394261785e-07,offline replay calibrated to GOES class/timing for 2022-03-28 X1.5
2022-03-28 10:38:00+00:00,7.424740671656831e-08,9.280925839571038e-07,offline replay calibrated to GOES class/timing for 2022-03-28 X1.5
2022-03-28 10:39:00+00:00,7.492277306270615e-08,9.365346632838269e-07,offline replay calibrated to GOES class/timing for 2022-03-28 X1.5
2022-03-28 10:40:00+00:00,7.561895796149738e-08,9.452369745187172e-07,offline replay calibrated to GOES class/timing for 2022-03-28 X1.5
2022-03-28 10:41:00+00:00,7.633697632897446e-08,9.542122041121807e-07,offline replay calibrated to GOES class/timing for 2022-03-28 X1.5
2022-03-28 10:42:00+00:00,7.707787293097986e-08,9.634734116372483e-07,offline replay calibrated to GOES class/timing for 2022-03-28 X1.5
2022-03-28 10:43:00+00:00,7.784272077914615e-08,9.730340097393268e-07,offline replay calibrated to GOES class/timing for 2022-03-28 X1.5
2022-03-28 10:44:00+00:00,7.863261919310245e-08,9.829077399137806e-07,offline replay calibrated to GOES class/timing for 2022-03-28 X1.5
2022-03-28 10:45:00+00:00,7.944869150144352e-08,9.93108643768044e-07,offline replay calibrated to GOES class/timing for 2022-03-28 X1.5
2022-03-28 10:46:00+00:00,8.02920823538263e-08,1.0036510294228288e-06,offline replay calibrated to GOES class/timing for 2022-03-28 X1.5
2022-03-28 10:47:00+00:00,8.116395461675112e-08,1.014549432709389e-06,offline replay calibrated to GOES class/timing for 2022-03-28 X1.5
2022-03-28 10:48:00+00:00,8.206548582620881e-08,1.02581857282761e-06,offline replay calibrated to GOES class/timing for 2022-03-28 X1.5
2022-03-28 10:49:00+00:00,8.299786417149966e-08,1.0374733021437457e-06,offline replay calibrated to GOES class/timing for 2022-03-28 X1.5
2022-03-28 10:50:00+00:00,8.39622839862268e-08,1.049528549827835e-06,offline replay calibrated to GOES class/timing for 2022-03-28 X1.5
2022-03-28 10:51:00+00:00,8.495994072481327e-08,1.061999259060166e-06,offline replay calibrated to GOES class/timing for 2022-03-28 X1.5
2022-03-28 10:52:00+00:00,8.599202540595935e-08,1.074900317574492e-06,offline replay calibrated to GOES class/timing for 2022-03-28 X1.5
2022-03-28 10:53:00+00:00,8.70597185083198e-08,1.0882464813539975e-06,offline replay calibrated to GOES class/timing for 2022-03-28 X1.5
2022-03-28 10:54:00+00:00,8.816418330840637e-08,1.1020522913550796e-06,offline replay calibrated to GOES class/timing for 2022-03-28 X1.5
2022-03-28 10:55:00+00:00,8.930655865636905e-08,1.1163319832046132e-06,offline replay calibrated to GOES class/timing for 2022-03-28 X1.5
2022-03-28 10:56:00+00:00,9.048795119192825e-08,1.131099389899103e-06,offline replay calibrated to GOES class/timing for 2022-03-28 X1.5
2022-03-28 10:57:00+00:00,9.170942701035432e-08,1.146367837629429e-06,offline replay calibrated to GOES class/timing for 2022-03-28 X1.5
2022-03-28 10:58:00+00:00,9.297200279703269e-08,1.1621500349629086e-06,offline replay calibrated to GOES class/timing for 2022-03-28 X1.5
2022-03-28 10:59:00+00:00,9.427663645880066e-08,1.1784579557350083e-06,offline replay calibrated to GOES class/timing for 2022-03-28 X1.5
2022-03-28 11:00:00+00:00,9.56242172908614e-08,1.1953027161357674e-06,offline replay calibrated to GOES class/timing for 2022-03-28 X1.5
2022-03-28 11:01:00+00:00,9.701555572959047e-08,1.2126944466198808e-06,offline replay calibrated to GOES class/timing for 2022-03-28 X1.5
2022-03-28 11:02:00+00:00,9.845137275384791e-08,1.230642159423099e-06,offline replay calibrated to GOES class/timing for 2022-03-28 X1.5
2022-03-28 11:03:00+00:00,9.993228901033379e-08,1.2491536126291724e-06,offline replay calibrated to GOES class/timing for 2022-03-28 X1.5
2022-03-28 11:04:00+00:00,1.0145881375188484e-07,1.2682351718985605e-06,offline replay calibrated to GOES class/timing for 2022-03-28 X1.5
2022-03-28 11:05:00+00:00,1.0303133369115647e-07,1.2878916711394559e-06,offline replay calibrated to GOES class/timing for 2022-03-28 X1.5
2022-03-28 11:06:00+00:00,1.0465010188557808e-07,1.308126273569726e-06,offline replay calibrated to GOES class/timing for 2022-03-28 X1.5
2022-03-28 11:07:00+00:00,1.0631522678247498e-07,1.3289403347809371e-06,offline replay calibrated to GOES class/timing for 2022-03-28 X1.5
2022-03-28 11:08:00+00:00,1.0802666156543884e-07,1.3503332695679855e-06,offline replay calibrated to GOES class/timing for 2022-03-28 X1.5
2022-03-28 11:09:00+00:00,1.0978419395399439e-07,1.3723024244249298e-06,offline replay calibrated to GOES class/timing for 2022-03-28 X1.5
2022-03-28 11:10:00+00:00,1.1158743661791739e-07,1.3948429577239674e-06,offline replay calibrated to GOES class/timing for 2022-03-28 X1.5
2022-03-28 11:11:00+00:00,1.1343581837476843e-07,1.4179477296846053e-06,offline replay calibrated to GOES class/timing for 2022-03-28 X1.5
2022-03-28 11:12:00+00:00,1.1532857634388268e-07,1.4416072042985336e-06,offline replay calibrated to GOES class/timing for 2022-03-28 X1.5
2022-03-28 11:13:00+00:00,1.1726474923179036e-07,1.4658093653973794e-06,offline replay calibrated to GOES class/timing for 2022-03-28 X1.5
2022-03-28 11:14:00+00:00,1.1924317192247948e-07,1.4905396490309937e-06,offline replay calibrated to GOES class/timing for 2022-03-28 X1.5
2022-03-28 11:15:00+00:00,1.212624715407695e-07,1.5157808942596187e-06,offline replay calibrated to GOES class/timing for 2022-03-28 X1.5
2022-03-28 11:16:00+00:00,1.2332106514816114e-07,1.5415133143520144e-06,offline replay calibrated to GOES class/timing for 2022-03-28 X1.5
2022-03-28 11:17:00+00:00,1.254171592178212e-07,1.5677144902227649e-06,offline replay calibrated to GOES class/timing for 2022-03-28 X1.5
2022-03-28 11:18:00+00:00,1.2754875101895485e-07,1.5943593877369357e-06,offline replay calibrated to GOES class/timing for 2022-03-28 X1.5
2022-03-28 11:19:00+00:00,1.2971363202102495e-07,1.6214204002628118e-06,offline replay calibrated to GOES class/timing for 2022-03-28 X1.5
2022-03-28 11:20:00+00:00,1.31909393405597e-07,1.6488674175699624e-06,offline replay calibrated to GOES class/timing for 2022-03-28 X1.5
2022-03-28 11:21:00+00:00,1.3413343374878796e-07,1.6766679218598496e-06,offline replay calibrated to GOES class/timing for 2022-03-28 X1.5
2022-03-28 11:22:00+00:00,1.3638296891137738e-07,1.7047871113922172e-06,offline replay calibrated to GOES class/timing for 2022-03-28 X1.5
2022-03-28 11:23:00+00:00,1.386550441478977e-07,1.7331880518487212e-06,offline replay calibrated to GOES class/timing for 2022-03-28 X1.5
2022-03-28 11:24:00+00:00,1.409465484220367e-07,1.7618318552754588e-06,offline replay calibrated to GOES class/timing for 2022-03-28 X1.5
2022-03-28 11:25:00+00:00,1.4325423089534734e-07,1.7906778861918418e-06,offline replay calibrated to GOES class/timing for 2022-03-28 X1.5
2022-03-28 11:26:00+00:00,1.4557471954177198e-07,1.8196839942721497e-06,offline replay calibrated to GOES class/timing for 2022-03-28 X1.5
2022-03-28 11:27:00+00:00,1.479045418343807e-07,1.8488067729297588e-06,offline replay calibrated to GOES class/timing for 2022-03-28 X1.5
2022-03-28 11:28:00+00:00,1.5024014745586443e-07,1.8780018431983053e-06,offline replay calibrated to GOES class/timing for 2022-03-28 X1.5
2022-03-28 11:29:00+00:00,1.5257793300392986e-07,1.9072241625491233e-06,offline replay calibrated to GOES class/timing for 2022-03-28 X1.5
2022-03-28 11:30:00+00:00,1.5491426870041154e-07,1.9364283587551442e-06,offline replay calibrated to GOES class/timing for 2022-03-28 X1.5
2022-03-28 11:31:00+00:00,1.5724552717261254e-07,1.9655690896576566e-06,offline replay calibrated to GOES class/timing for 2022-03-28 X1.5
2022-03-28 11:32:00+00:00,1.5956811446151507e-07,1.9946014307689384e-06,offline replay calibrated to GOES class/timing for 2022-03-28 X1.5
2022-03-28 11:33:00+00:00,1.6187850352888495e-07,2.023481294111062e-06,offline replay calibrated to GOES class/timing for 2022-03-28 X1.5
2022-03-28 11:34:00+00:00,1.6417327068922502e-07,2.0521658836153127e-06,offline replay calibrated to GOES class/timing for 2022-03-28 X1.5
2022-03-28 11:35:00+00:00,1.6644913558877763e-07,2.0806141948597203e-06,offline replay calibrated to GOES class/timing for 2022-03-28 X1.5
2022-03-28 11:36:00+00:00,1.687030055985554e-07,2.1087875699819426e-06,offline replay calibrated to GOES class/timing for 2022-03-28 X1.5
2022-03-28 11:37:00+00:00,1.7093202578836157e-07,2.1366503223545195e-06,offline replay calibrated to GOES class/timing for 2022-03-28 X1.5
2022-03-28 11:38:00+00:00,1.7313363601094157e-07,2.1641704501367697e-06,offline replay calibrated to GOES class/timing for 2022-03-28 X1.5
2022-03-28 11:39:00+00:00,1.7530563705701278e-07,2.19132046321266e-06,offline replay calibrated to GOES class/timing for 2022-03-28 X1.5
2022-03-28 11:40:00+00:00,1.774462683501309e-07,2.2180783543766358e-06,offline replay calibrated to GOES class/timing for 2022-03-28 X1.5
2022-03-28 11:41:00+00:00,1.7955430024203852e-07,2.2444287530254805e-06,offline replay calibrated to GOES class/timing for 2022-03-28 X1.5
2022-03-28 11:42:00+00:00,1.8162914465036324e-07,2.270364308129537e-06,offline replay calibrated to GOES class/timing for 2022-03-28 X1.5
2022-03-28 11:43:00+00:00,1.836709885559779e-07,2.295887356949715e-06,offline replay calibrated to GOES class/timing for 2022-03-28 X1.5
2022-03-28 11:44:00+00:00,1.8568095574957112e-07,2.321011946869616e-06,offline replay calibrated to GOES class/timing for 2022-03-28 X1.5
2022-03-28 11:45:00+00:00,1.876613031854987e-07,2.3457662898186743e-06,offline replay calibrated to GOES class/timing for 2022-03-28 X1.5
2022-03-28 11:46:00+00:00,1.8961565936116013e-07,2.370195742014349e-06,offline replay calibrated to GOES class/timing for 2022-03-28 X1.5
2022-03-28 11:47:00+00:00,1.9154931328186955e-07,2.394366416022983e-06,offline replay calibrated to GOES class/timing for 2022-03-28 X1.5
2022-03-28 11:48:00+00:00,1.9346956377753178e-07,2.418369547218183e-06,offline replay calibrated to GOES class/timing for 2022-03-28 X1.5
2022-03-28 11:49:00+00:00,1.9538614018299165e-07,2.442326752285028e-06,offline replay calibrated to GOES class/timing for 2022-03-28 X1.5
2022-03-28 11:50:00+00:00,1.973117066432655e-07,2.466396333035094e-06,offline replay calibrated to GOES class/timing for 2022-03-28 X1.5
2022-03-28 11:51:00+00:00,1.9926246351084722e-07,2.4907807938719654e-06,offline replay calibrated to GOES class/timing for 2022-03-28 X1.5
2022-03-28 11:52:00+00:00,2.01258860404565e-07,2.5157357550251345e-06,offline replay calibrated to GOES class/timing for 2022-03-28 X1.5
2022-03-28 11:53:00+00:00,2.0332643642318682e-07,2.5415804552161784e-06,offline replay calibrated to GOES class/timing for 2022-03-28 X1.5
2022-03-28 11:54:00+00:00,2.0549680366184736e-07,2.568710045605802e-06,offline replay calibrated to GOES class/timing for 2022-03-28 X1.5
2022-03-28 11:55:00+00:00,2.0780879045930042e-07,2.5976098803671957e-06,offline replay calibrated to GOES class/timing for 2022-03-28 X1.5
2022-03-28 11:56:00+00:00,2.1030976058748253e-07,2.628872006520103e-06,offline replay calibrated to GOES class/timing for 2022-03-28 X1.5
2022-03-28 11:57:00+00:00,2.130571237462904e-07,2.663214045044093e-06,offline replay calibrated to GOES class/timing for 2022-03-28 X1.5
2022-03-28 11:58:00+00:00,2.1612005109861677e-07,2.701500634925215e-06,offline replay calibrated to GOES class/timing for 2022-03-28 X1.5
2022-03-28 11:59:00+00:00,2.1958140701861348e-07,2.7447675797349288e-06,offline replay calibrated to GOES class/timing for 2022-03-28 X1.5
2022-03-28 12:00:00+00:00,2.2353990457256293e-07,2.7942487906180325e-06,offline replay calibrated to GOES class/timing for 2022-03-28 X1.5
2022-03-28 12:01:00+00:00,2.2811248735414505e-07,2.851406058255071e-06,offline replay calibrated to GOES class/timing for 2022-03-28 X1.5
2022-03-28 12:02:00+00:00,2.3343693401538876e-07,2.9179616077028968e-06,offline replay calibrated to GOES class/timing for 2022-03-28 X1.5
2022-03-28 12:03:00+00:00,2.3967467405654203e-07,2.9959332925324517e-06,offline replay calibrated to GOES class/timing for 2022-03-28 X1.5
2022-03-28 12:04:00+00:00,2.470137940842332e-07,3.087672167339362e-06,offline replay calibrated to GOES class/timing for 2022-03-28 X1.5
2022-03-28 12:05:00+00:00,2.5567220278927997e-07,3.1959020400633597e-06,offline replay calibrated to GOES class/timing for 2022-03-28 X1.5
2022-03-28 12:06:00+00:00,2.659009103691686e-07,3.323760447951314e-06,offline replay calibrated to GOES class/timing for 2022-03-28 X1.5
2022-03-28 12:07:00+00:00,2.7798736413990283e-07,3.4748403247178756e-06,offline replay calibrated to GOES class/timing for 2022-03-28 X1.5
2022-03-28 12:08:00+00:00,2.922587668538844e-07,3.6532314338972603e-06,offline replay calibrated to GOES class/timing for 2022-03-28 X1.5
2022-03-28 12:09:00+00:00,3.0908528807410223e-07,3.863560438209932e-06,offline replay calibrated to GOES class/timing for 2022-03-28 X1.5
2022-03-28 12:10:00+00:00,3.288830622701906e-07,4.111028262053034e-06,offline replay calibrated to GOES class/timing for 2022-03-28 X1.5
2022-03-28 12:11:00+00:00,3.5211685063163656e-07,4.401443190501158e-06,offline replay calibrated to GOES class/timing for 2022-03-28 X1.5
2022-03-28 12:12:00+00:00,3.7930222757822545e-07,4.741247941506923e-06,offline replay calibrated to GOES class/timing for 2022-03-28 X1.5
2022-03-28 12:13:00+00:00,4.1100713832302906e-07,5.137538757796463e-06,offline replay calibrated to GOES class/timing for 2022-03-28 X1.5
2022-03-28 12:14:00+00:00,4.47852661416477e-07,5.598074402048986e-06,offline replay calibrated to GOES class/timing for 2022-03-28 X1.5
2022-03-28 12:15:00+00:00,4.905128008202994e-07,6.1312728151953845e-06,offline replay calibrated to GOES class/timing for 2022-03-28 X1.5
2022-03-28 12:16:00+00:00,5.39713126580011e-07,6.7461931256734025e-06,offline replay calibrated to GOES class/timing for 2022-03-28 X1.5
2022-03-28 12:17:00+00:00,5.962280823997572e-07,7.452500690142244e-06,offline replay calibrated to GOES class/timing for 2022-03-28 X1.5
2022-03-28 12:18:00+00:00,6.608767831144521e-07,8.260412916151106e-06,offline replay calibrated to GOES class/timing for 2022-03-28 X1.5
2022-03-28 12:19:00+00:00,7.345171358384106e-07,9.180623776358149e-06,offline replay calibrated to GOES class/timing for 2022-03-28 X1.5
2022-03-28 12:20:00+00:00,8.180381359686764e-07,1.02242051823007e-05,offline replay calibrated to GOES class/timing for 2022-03-28 X1.5
2022-03-28 12:21:00+00:00,9.123502136497793e-07,1.1402483751261176e-05,offline replay calibrated to GOES class/timing for 2022-03-28 X1.5
2022-03-28 12:22:00+00:00,1.018373538103299e-06,1.2726891977156677e-05,offline replay calibrated to GOES class/timing for 2022-03-28 X1.5
2022-03-28 12:23:00+00:00,1.1370242266980728e-06,1.4208793406407072e-05,offline replay calibrated to GOES class/timing for 2022-03-28 X1.5
2022-03-28 12:24:00+00:00,1.269198453107304e-06,1.5859282118620398e-05,offline replay calibrated to GOES class/timing for 2022-03-28 X1.5
2022-03-28 12:25:00+00:00,1.4157545047248876e-06,1.7688957610720555e-05,offline replay calibrated to GOES class/timing for 2022-03-28 X1.5
2022-03-28 12:26:00+00:00,1.5774929040560893e-06,1.9707677067295265e-05,offline replay calibrated to GOES class/timing for 2022-03-28 X1.5
2022-03-28 12:27:00+00:00,1.7551347823071019e-06,2.192428794914828e-05,offline replay calibrated to GOES class/timing for 2022-03-28 X1.5
2022-03-28 12:28:00+00:00,1.949298775795773e-06,2.434634482026761e-05,offline replay calibrated to GOES class/timing for 2022-03-28 X1.5
2022-03-28 12:29:00+00:00,2.1604768063679522e-06,2.697981532927715e-05,offline replay calibrated to GOES class/timing for 2022-03-28 X1.5
2022-03-28 12:30:00+00:00,2.3890092039718466e-06,2.982878122883893e-05,offline replay calibrated to GOES class/timing for 2022-03-28 X1.5
2022-03-28 12:31:00+00:00,2.63505972972929e-06,3.289514121564269e-05,offline replay calibrated to GOES class/timing for 2022-03-28 X1.5
2022-03-28 12:32:00+00:00,2.898591156329502e-06,3.61783231624113e-05,offline replay calibrated to GOES class/timing for 2022-03-28 X1.5
2022-03-28 12:33:00+00:00,3.1793421526123945e-06,3.9675013948848345e-05,offline replay calibrated to GOES class/timing for 2022-03-28 X1.5
2022-03-28 12:34:00+00:00,3.4768062924530015e-06,4.337891553882293e-05,offline replay calibrated to GOES class/timing for 2022-03-28 X1.5
2022-03-28 12:35:00+00:00,3.790214055157048e-06,4.7280536157585005e-05,offline replay calibrated to GOES class/timing for 2022-03-28 X1.5
2022-03-28 12:36:00+00:00,4.11851869618684e-06,5.13670253618926e-05,offline replay calibrated to GOES class/timing for 2022-03-28 X1.5
2022-03-28 12:37:00+00:00,4.460386835128853e-06,5.5622061441351813e-05,offline replay calibrated to GOES class/timing for 2022-03-28 X1.5
2022-03-28 12:38:00+00:00,4.814194527114311e-06,6.002579892400072e-05,offline replay calibrated to GOES class/timing for 2022-03-28 X1.5
2022-03-28 12:39:00+00:00,5.178029453194541e-06,6.455488297713418e-05,offline replay calibrated to GOES class/timing for 2022-03-28 X1.5
2022-03-28 12:40:00+00:00,5.549699688181906e-06,6.918253620177657e-05,offline replay calibrated to GOES class/timing for 2022-03-28 X1.5
2022-03-28 12:41:00+00:00,5.926749290082906e-06,7.387872173543666e-05,offline replay calibrated to GOES class/timing for 2022-03-28 X1.5
2022-03-28 12:42:00+00:00,6.30648071690516e-06,7.861038473566835e-05,offline replay calibrated to GOES class/timing for 2022-03-28 X1.5
2022-03-28 12:43:00+00:00,6.685983830848852e-06,8.334177226252078e-05,offline replay calibrated to GOES class/timing for 2022-03-28 X1.5
2022-03-28 12:44:00+00:00,7.062171014240731e-06,8.803482936939005e-05,offline replay calibrated to GOES class/timing for 2022-03-28 X1.5
2022-03-28 12:45:00+00:00,7.431817712190957e-06,9.26496669178219e-05,offline replay calibrated to GOES class/timing for 2022-03-28 X1.5
2022-03-28 12:46:00+00:00,7.791607546358719e-06,9.714509432948398e-05,offline replay calibrated to GOES class/timing for 2022-03-28 X1.5
2022-03-28 12:47:00+00:00,8.138181019588224e-06,0.00010147920826028775,offline replay calibrated to GOES class/timing for 2022-03-28 X1.5
2022-03-28 12:48:00+00:00,8.468186753659811e-06,0.00010561002611212856,offline replay calibrated to GOES class/timing for 2022-03-28 X1.5
2022-03-28 12:49:00+00:00,8.778334167458205e-06,0.00010949615147013767,offline replay calibrated to GOES class/timing for 2022-03-28 X1.5
2022-03-28 12:50:00+00:00,9.065446501713172e-06,0.0001130974570457685,offline replay calibrated to GOES class/timing for 2022-03-28 X1.5
2022-03-28 12:51:00+00:00,9.326513118264378e-06,0.00011637576958770506,offline replay calibrated to GOES class/timing for 2022-03-28 X1.5
2022-03-28 12:52:00+00:00,9.55874003607571e-06,0.00011929554055044913,offline replay calibrated to GOES class/timing for 2022-03-28 X1.5
2022-03-28 12:53:00+00:00,9.759597705118199e-06,0.00012182448612617988,offline replay calibrated to GOES class/timing for 2022-03-28 X1.5
2022-03-28 12:54:00+00:00,9.926865059037855e-06,0.00012393418057304504,offline replay calibrated to GOES class/timing for 2022-03-28 X1.5
2022-03-28 12:55:00+00:00,1.0058668929181455e-05,0.00012560058761700935,offline replay calibrated to GOES class/timing for 2022-03-28 X1.5
2022-03-28 12:56:00+00:00,1.0153517951166078e-05,0.00012680451604913306,offline replay calibrated to GOES class/timing for 2022-03-28 X1.5
2022-03-28 12:57:00+00:00,1.0210330158548784e-05,0.0001275319874499817,offline replay calibrated to GOES class/timing for 2022-03-28 X1.5
2022-03-28 12:58:00+00:00,1.0228453544792928e-05,0.000127774506193072,offline replay calibrated to GOES class/timing for 2022-03-28 X1.5
2022-03-28 12:59:00+00:00,1.2179310676457142e-05,0.0001521746204969077,offline replay calibrated to GOES class/timing for 2022-03-28 X1.5
2022-03-28 13:00:00+00:00,1.2091910864298626e-05,0.00015109481951202535,offline replay calibrated to GOES class/timing for 2022-03-28 X1.5
2022-03-28 13:01:00+00:00,1.1966931244101123e-05,0.00014954353514529058,offline replay calibrated to GOES class/timing for 2022-03-28 X1.5
2022-03-28 13:02:00+00:00,1.1805481356330873e-05,0.00014753468313332674,offline replay calibrated to GOES class/timing for 2022-03-28 X1.5
2022-03-28 13:03:00+00:00,1.1609083022999476e-05,0.00014508739303717118,offline replay calibrated to GOES class/timing for 2022-03-28 X1.5
2022-03-28 13:04:00+00:00,1.1379642431470028e-05,0.0001422256405161958,offline replay calibrated to GOES class/timing for 2022-03-28 X1.5
2022-03-28 13:05:00+00:00,1.111941508472656e-05,0.0001389777917293915,offline replay calibrated to GOES class/timing for 2022-03-28 X1.5
2022-03-28 13:06:00+00:00,1.083096449325792e-05,0.00013537607193231816,offline replay calibrated to GOES class/timing for 2022-03-28 X1.5
2022-03-28 13:07:00+00:00,1.0517115667695068e-05,0.0001314559721478478,offline replay calibrated to GOES class/timing for 2022-03-28 X1.5
2022-03-28 13:08:00+00:00,1.0180904614303703e-05,0.0001272556091335754,offline replay calibrated to GOES class/timing for 2022-03-28 X1.5
2022-03-28 13:09:00+00:00,9.825525131204244e-06,0.0001228150547127342,offline replay calibrated to GOES class/timing for 2022-03-28 X1.5
2022-03-28 13:10:00+00:00,9.454274248972129e-06,0.00011817565086301705,offline replay calibrated to GOES class/timing for 2022-03-28 X1.5
2022-03-28 13:11:00+00:00,9.070497655423882e-06,0.00011337932677343744,offline replay calibrated to GOES class/timing for 2022-03-28 X1.5
2022-03-28 13:12:00+00:00,8.677536393963048e-06,0.00010846793340723035,offline replay calibrated to GOES class/timing for 2022-03-28 X1.5
2022-03-28 13:13:00+00:00,8.278676032966074e-06,0.00010348260999045395,offline replay calibrated to GOES class/timing for 2022-03-28 X1.5
2022-03-28 13:14:00+00:00,7.877099376892553e-06,9.846319533837737e-05,offline replay calibrated to GOES class/timing for 2022-03-28 X1.5
2022-03-28 13:15:00+00:00,7.475843635521167e-06,9.344769510415986e-05,offline replay calibrated to GOES class/timing for 2022-03-28 X1.5
2022-03-28 13:16:00+00:00,7.077762793710905e-06,8.847181396480958e-05,offline replay calibrated to GOES class/timing for 2022-03-28 X1.5
2022-03-28 13:17:00+00:00,6.685495738097879e-06,8.356855953116513e-05,offline replay calibrated to GOES class/timing for 2022-03-28 X1.5
2022-03-28 13:18:00+00:00,6.301440506557031e-06,7.876792246630591e-05,offline replay calibrated to GOES class/timing for 2022-03-28 X1.5
2022-03-28 13:19:00+00:00,5.927734837925383e-06,7.409663500282588e-05,offline replay calibrated to GOES class/timing for 2022-03-28 X1.5
2022-03-28 13:20:00+00:00,5.566243019523841e-06,6.957800784082711e-05,offline replay calibrated to GOES class/timing for 2022-03-28 X1.5
2022-03-28 13:21:00+00:00,5.218548863714649e-06,6.523184335403883e-05,offline replay calibrated to GOES class/timing for 2022-03-28 X1.5
2022-03-28 13:22:00+00:00,4.885954496453828e-06,6.10744211893485e-05,offline replay calibrated to GOES class/timing for 2022-03-28 X1.5
2022-03-28 13:23:00+00:00,4.569484513917091e-06,5.7118550761247296e-05,offline replay calibrated to GOES class/timing for 2022-03-28 X1.5
2022-03-28 13:24:00+00:00,4.269894960149413e-06,5.337368385009137e-05,offline replay calibrated to GOES class/timing for 2022-03-28 X1.5
2022-03-28 13:25:00+00:00,3.987686500645176e-06,4.984607953103379e-05,offline replay calibrated to GOES class/timing for 2022-03-28 X1.5
2022-03-28 13:26:00+00:00,3.723121114149001e-06,4.653901299519922e-05,offline replay calibrated to GOES class/timing for 2022-03-28 X1.5
2022-03-28 13:27:00+00:00,3.476241597190544e-06,4.345301947007916e-05,offline replay calibrated to GOES class/timing for 2022-03-28 X1.5
2022-03-28 13:28:00+00:00,3.2468931715130094e-06,4.0586164385199064e-05,offline replay calibrated to GOES class/timing for 2022-03-28 X1.5
2022-03-28 13:29:00+00:00,3.0347465015012685e-06,3.793433113559153e-05,offline replay calibrated to GOES class/timing for 2022-03-28 X1.5
2022-03-28 13:30:00+00:00,2.839321464276169e-06,3.549151823596265e-05,offline replay calibrated to GOES class/timing for 2022-03-28 X1.5
2022-03-28 13:31:00+00:00,2.6600110662073575e-06,3.325013829392023e-05,offline replay calibrated to GOES class/timing for 2022-03-28 X1.5
2022-03-28 13:32:00+00:00,2.4961049628756895e-06,3.120131201940711e-05,offline replay calibrated to GOES class/timing for 2022-03-28 X1.5
2022-03-28 13:33:00+00:00,2.3468121115707025e-06,2.933515138663604e-05,offline replay calibrated to GOES class/timing for 2022-03-28 X1.5
2022-03-28 13:34:00+00:00,2.2112821628809937e-06,2.7641027032204927e-05,offline replay calibrated to GOES class/timing for 2022-03-28 X1.5
2022-03-28 13:35:00+00:00,2.088625277655608e-06,2.6107815968910562e-05,offline replay calibrated to GOES class/timing for 2022-03-28 X1.5
2022-03-28 13:36:00+00:00,1.9779301347051308e-06,2.4724126682990706e-05,offline replay calibrated to GOES class/timing for 2022-03-28 X1.5
2022-03-28 13:37:00+00:00,1.8782799705671452e-06,2.3478499631715254e-05,offline replay calibrated to GOES class/timing for 2022-03-28 X1.5
2022-03-28 13:38:00+00:00,1.7887665634043272e-06,2.2359582042386802e-05,offline replay calibrated to GOES class/timing for 2022-03-28 X1.5
2022-03-28 13:39:00+00:00,1.7085021370127185e-06,2.1356276712585324e-05,offline replay calibrated to GOES class/timing for 2022-03-28 X1.5
2022-03-28 13:40:00+00:00,1.636629216831871e-06,2.045786521036646e-05,offline replay calibrated to GOES class/timing for 2022-03-28 X1.5
2022-03-28 13:41:00+00:00,1.572328517052589e-06,1.965410646314374e-05,offline replay calibrated to GOES class/timing for 2022-03-28 X1.5
2022-03-28 13:42:00+00:00,1.514824976109764e-06,1.8935312201366326e-05,offline replay calibrated to GOES class/timing for 2022-03-28 X1.5
2022-03-28 13:43:00+00:00,1.4633920870921583e-06,1.8292401088649612e-05,offline replay calibrated to GOES class/timing for 2022-03-28 X1.5
2022-03-28 13:44:00+00:00,1.4173546902743492e-06,1.77169336284284e-05,offline replay calibrated to GOES class/timing for 2022-03-28 X1.5
2022-03-28 13:45:00+00:00,1.3760904077054549e-06,1.72011300963178e-05,offline replay calibrated to GOES class/timing for 2022-03-28 X1.5
2022-03-28 13:46:00+00:00,1.3390299053904305e-06,1.673787381738023e-05,offline replay calibrated to GOES class/timing for 2022-03-28 X1.5
2022-03-28 13:47:00+00:00,1.3056561680152996e-06,1.6320702100191187e-05,offline replay calibrated to GOES class/timing for 2022-03-28 X1.5
2022-03-28 13:48:00+00:00,1.275502965410987e-06,1.594378706763731e-05,offline replay calibrated to GOES class/timing for 2022-03-28 X1.5
2022-03-28 13:49:00+00:00,1.2481526800539452e-06,1.5601908500674306e-05,offline replay calibrated to GOES class/timing for 2022-03-28 X1.5
2022-03-28 13:50:00+00:00,1.2232336518740236e-06,1.5290420648425293e-05,offline replay calibrated to GOES class/timing for 2022-03-28 X1.5
2022-03-28 13:51:00+00:00,1.200417181430107e-06,1.5005214767876336e-05,offline replay calibrated to GOES class/timing for 2022-03-28 X1.5
2022-03-28 13:52:00+00:00,1.1794143159849081e-06,1.4742678949811351e-05,offline replay calibrated to GOES class/timing for 2022-03-28 X1.5
2022-03-28 13:53:00+00:00,1.1599725259201332e-06,1.4499656574001664e-05,offline replay calibrated to GOES class/timing for 2022-03-28 X1.5
2022-03-28 13:54:00+00:00,1.1418723619246682e-06,1.4273404524058352e-05,offline replay calibrated to GOES class/timing for 2022-03-28 X1.5
2022-03-28 13:55:00+00:00,1.124924166984513e-06,1.4061552087306411e-05,offline replay calibrated to GOES class/timing for 2022-03-28 X1.5
2022-03-28 13:56:00+00:00,1.1089649018089412e-06,1.3862061272611764e-05,offline replay calibrated to GOES class/timing for 2022-03-28 X1.5
2022-03-28 13:57:00+00:00,1.0938551282364176e-06,1.367318910295522e-05,offline replay calibrated to GOES class/timing for 2022-03-28 X1.5
2022-03-28 13:58:00+00:00,1.0794761825679784e-06,1.349345228209973e-05,offline replay calibrated to GOES class/timing for 2022-03-28 X1.5
2022-03-28 13:59:00+00:00,1.0657275597775292e-06,1.3321594497219114e-05,offline replay calibrated to GOES class/timing for 2022-03-28 X1.5
2022-03-28 14:00:00+00:00,1.052524520174369e-06,1.3156556502179614e-05,offline replay calibrated to GOES class/timing for 2022-03-28 X1.5
2022-03-28 14:01:00+00:00,1.039795922308e-06,1.299744902885e-05,offline replay calibrated to GOES class/timing for 2022-03-28 X1.5
2022-03-28 14:02:00+00:00,1.0274822796257328e-06,1.284352849532166e-05,offline replay calibrated to GOES class/timing for 2022-03-28 X1.5
2022-03-28 14:03:00+00:00,1.0155340335016533e-06,1.2694175418770666e-05,offline replay calibrated to GOES class/timing for 2022-03-28 X1.5
2022-03-28 14:04:00+00:00,1.0039100316098363e-06,1.2548875395122953e-05,offline replay calibrated to GOES class/timing for 2022-03-28 X1.5
2022-03-28 14:05:00+00:00,9.925761980611216e-07,1.240720247576402e-05,offline replay calibrated to GOES class/timing for 2022-03-28 X1.5
2022-03-28 14:06:00+00:00,9.81504380102767e-07,1.2268804751284588e-05,offline replay calibrated to GOES class/timing for 2022-03-28 X1.5
2022-03-28 14:07:00+00:00,9.706713553379806e-07,1.2133391941724756e-05,offline replay calibrated to GOES class/timing for 2022-03-28 X1.5
2022-03-28 14:08:00+00:00,9.600579832098137e-07,1.2000724790122671e-05,offline replay calibrated to GOES class/timing for 2022-03-28 X1.5
2022-03-28 14:09:00+00:00,9.496484847749029e-07,1.1870606059686286e-05,offline replay calibrated to GOES class/timing for 2022-03-28 X1.5
2022-03-28 14:10:00+00:00,9.394298354451274e-07,1.1742872943064092e-05,offline replay calibrated to GOES class/timing for 2022-03-28 X1.5
2022-03-28 14:11:00+00:00,9.293912562928903e-07,1.161739070366113e-05,offline replay calibrated to GOES class/timing for 2022-03-28 X1.5
2022-03-28 14:12:00+00:00,9.195237906078617e-07,1.1494047382598271e-05,offline replay calibrated to GOES class/timing for 2022-03-28 X1.5
2022-03-28 14:13:00+00:00,9.098199535845976e-07,1.137274941980747e-05,offline replay calibrated to GOES class/timing for 2022-03-28 X1.5
2022-03-28 14:14:00+00:00,9.002734442510849e-07,1.1253418053138562e-05,offline replay calibrated to GOES class/timing for 2022-03-28 X1.5
2022-03-28 14:15:00+00:00,8.908789099708884e-07,1.1135986374636104e-05,offline replay calibrated to GOES class/timing for 2022-03-28 X1.5
2022-03-28 14:16:00+00:00,8.816317550310198e-07,1.1020396937887747e-05,offline replay calibrated to GOES class/timing for 2022-03-28 X1.5
2022-03-28 14:17:00+00:00,8.725279859388922e-07,1.0906599824236152e-05,offline replay calibrated to GOES class/timing for 2022-03-28 X1.5
2022-03-28 14:18:00+00:00,8.635640870783946e-07,1.0794551088479933e-05,offline replay calibrated to GOES class/timing for 2022-03-28 X1.5
2022-03-28 14:19:00+00:00,8.547369213078305e-07,1.068421151634788e-05,offline replay calibrated to GOES class/timing for 2022-03-28 X1.5
2022-03-28 14:20:00+00:00,8.460436509173934e-07,1.0575545636467418e-05,offline replay calibrated to GOES class/timing for 2022-03-28 X1.5
2022-03-28 14:21:00+00:00,8.374816751014789e-07,1.0468520938768487e-05,offline replay calibrated to GOES class/timing for 2022-03-28 X1.5
2022-03-28 14:22:00+00:00,8.290485807450275e-07,1.0363107259312843e-05,offline replay calibrated to GOES class/timing for 2022-03-28 X1.5
2022-03-28 14:23:00+00:00,8.20742103879027e-07,1.0259276298487837e-05,offline replay calibrated to GOES class/timing for 2022-03-28 X1.5
2022-03-28 14:24:00+00:00,8.125600996354119e-07,1.0157001245442649e-05,offline replay calibrated to GOES class/timing for 2022-03-28 X1.5
2022-03-28 14:25:00+00:00,8.045005189337785e-07,1.0056256486672231e-05,offline replay calibrated to GOES class/timing for 2022-03-28 X1.5
2022-03-28 14:26:00+00:00,7.965613904697017e-07,9.957017380871271e-06,offline replay calibrated to GOES class/timing for 2022-03-28 X1.5
2022-03-28 14:27:00+00:00,7.88740806855062e-07,9.859260085688275e-06,offline replay calibrated to GOES class/timing for 2022-03-28 X1.5
2022-03-28 14:28:00+00:00,7.810369139922724e-07,9.762961424903405e-06,offline replay calibrated to GOES class/timing for 2022-03-28 X1.5
2022-03-28 14:29:00+00:00,7.734479029537811e-07,9.668098786922264e-06,offline replay calibrated to GOES class/timing for 2022-03-28 X1.5
2022-03-28 14:30:00+00:00,7.659720037921578e-07,9.574650047401973e-06,offline replay calibrated to GOES class/timing for 2022-03-28 X1.5
2022-03-28 14:31:00+00:00,7.586074808302121e-07,9.482593510377651e-06,offline replay calibrated to GOES class/timing for 2022-03-28 X1.5
2022-03-28 14:32:00+00:00,7.513526290800117e-07,9.391907863500147e-06,offline replay calibrated to GOES class/timing for 2022-03-28 X1.5
2022-03-28 14:33:00+00:00,7.442057715187282e-07,9.302572143984103e-06,offline replay calibrated to GOES class/timing for 2022-03-28 X1.5
2022-03-28 14:34:00+00:00,7.371652570117191e-07,9.214565712646489e-06,offline replay calibrated to GOES class/timing for 2022-03-28 X1.5
2022-03-28 14:35:00+00:00,7.302294587222759e-07,9.12786823402845e-06,offline replay calibrated to GOES class/timing for 2022-03-28 X1.5
2022-03-28 14:36:00+00:00,7.2339677288572e-07,9.0424596610715e-06,offline replay calibrated to GOES class/timing for 2022-03-28 X1.5
2022-03-28 14:37:00+00:00,7.166656178551636e-07,8.958320223189544e-06,offline replay calibrated to GOES class/timing for 2022-03-28 X1.5
2022-03-28 14:38:00+00:00,7.10034433349091e-07,8.875430416863638e-06,offline replay calibrated to GOES class/timing for 2022-03-28 X1.5
2022-03-28 14:39:00+00:00,7.035016798484048e-07,8.79377099810506e-06,offline replay calibrated to GOES class/timing for 2022-03-28 X1.5
2022-03-28 14:40:00+00:00,6.970658381038839e-07,8.713322976298547e-06,offline replay calibrated to GOES class/timing for 2022-03-28 X1.5
2022-03-28 14:41:00+00:00,6.907254087250878e-07,8.634067609063597e-06,offline replay calibrated to GOES class/timing for 2022-03-28 X1.5
2022-03-28 14:42:00+00:00,6.84478911829313e-07,8.555986397866413e-06,offline replay calibrated to GOES class/timing for 2022-03-28 X1.5
2022-03-28 14:43:00+00:00,6.783248867348836e-07,8.479061084186044e-06,offline replay calibrated to GOES class/timing for 2022-03-28 X1.5
2022-03-28 14:44:00+00:00,6.722618916872815e-07,8.403273646091019e-06,offline replay calibrated to GOES class/timing for 2022-03-28 X1.5
2022-03-28 14:45:00+00:00,6.662885036097481e-07,8.32860629512185e-06,offline replay calibrated to GOES class/timing for 2022-03-28 X1.5
2022-03-28 14:46:00+00:00,6.604033178722784e-07,8.255041473403479e-06,offline replay calibrated to GOES class/timing for 2022-03-28 X1.5
2022-03-28 14:47:00+00:00,6.546049480746282e-07,8.182561850932851e-06,offline replay calibrated to GOES class/timing for 2022-03-28 X1.5
2022-03-28 14:48:00+00:00,6.488920258401667e-07,8.111150323002084e-06,offline replay calibrated to GOES class/timing for 2022-03-28 X1.5
2022-03-28 14:49:00+00:00,6.432632006183037e-07,8.040790007728796e-06,offline replay calibrated to GOES class/timing for 2022-03-28 X1.5
2022-03-28 14:50:00+00:00,6.377171394938574e-07,7.971464243673218e-06,offline replay calibrated to GOES class/timing for 2022-03-28 X1.5
2022-03-28 14:51:00+00:00,6.322525270021909e-07,7.903156587527386e-06,offline replay calibrated to GOES class/timing for 2022-03-28 X1.5
2022-03-28 14:52:00+00:00,6.268680649492666e-07,7.835850811865832e-06,offline replay calibrated to GOES class/timing for 2022-03-28 X1.5
2022-03-28 14:53:00+00:00,6.215624722360103e-07,7.769530902950128e-06,offline replay calibrated to GOES class/timing for 2022-03-28 X1.5
2022-03-28 14:54:00+00:00,6.163344846865312e-07,7.70418105858164e-06,offline replay calibrated to GOES class/timing for 2022-03-28 X1.5
2022-03-28 14:55:00+00:00,6.111828548798673e-07,7.63978568599834e-06,offline replay calibrated to GOES class/timing for 2022-03-28 X1.5
2022-03-28 14:56:00+00:00,6.061063519850003e-07,7.576329399812504e-06,offline replay calibrated to GOES class/timing for 2022-03-28 X1.5
2022-03-28 14:57:00+00:00,6.011037615989491e-07,7.513797019986863e-06,offline replay calibrated to GOES class/timing for 2022-03-28 X1.5
2022-03-28 14:58:00+00:00,5.961738855877781e-07,7.452173569847227e-06,offline replay calibrated to GOES class/timing for 2022-03-28 X1.5
2022-03-28 14:59:00+00:00,5.913155419303988e-07,7.391444274129984e-06,offline replay calibrated to GOES class/timing for 2022-03-28 X1.5
2022-03-28 15:00:00+00:00,5.865275645650479e-07,7.331594557063099e-06,offline replay calibrated to GOES class/timing for 2022-03-28 X1.5
2022-03-28 15:01:00+00:00,5.81808803238349e-07,7.272610040479363e-06,offline replay calibrated to GOES class/timing for 2022-03-28 X1.5
2022-03-28 15:02:00+00:00,5.771581233568671e-07,7.214476541960839e-06,offline replay calibrated to GOES class/timing for 2022-03-28 X1.5
2022-03-28 15:03:00+00:00,5.725744058410762e-07,7.1571800730134525e-06,offline replay calibrated to GOES class/timing for 2022-03-28 X1.5
2022-03-28 15:04:00+00:00,5.680565469816622e-07,7.100706837270777e-06,offline replay calibrated to GOES class/timing for 2022-03-28 X1.5
2022-03-28 15:05:00+00:00,5.63603458298086e-07,7.045043228726074e-06,offline replay calibrated to GOES class/timing for 2022-03-28 X1.5
2022-03-28 15:06:00+00:00,5.592140663993396e-07,6.990175829991745e-06,offline replay calibrated to GOES class/timing for 2022-03-28 X1.5
2022-03-28 15:07:00+00:00,5.548873128468212e-07,6.936091410585265e-06,offline replay calibrated to GOES class/timing for 2022-03-28 X1.5
2022-03-28 15:08:00+00:00,5.50622154019264e-07,6.8827769252408e-06,offline replay calibrated to GOES class/timing for 2022-03-28 X1.5
2022-03-28 15:09:00+00:00,5.464175609796529e-07,6.8302195122456615e-06,offline replay calibrated to GOES class/timing for 2022-03-28 X1.5
2022-03-28 15:10:00+00:00,5.422725193440612e-07,6.778406491800766e-06,offline replay calibrated to GOES class/timing for 2022-03-28 X1.5
2022-03-28 15:11:00+00:00,5.38186029152346e-07,6.727325364404325e-06,offline replay calibrated to GOES class/timing for 2022-03-28 X1.5
2022-03-28 15:12:00+00:00,5.341571047406362e-07,6.676963809257952e-06,offline replay calibrated to GOES class/timing for 2022-03-28 X1.5
2022-03-28 15:13:00+00:00,5.301847746155531e-07,6.627309682694414e-06,offline replay calibrated to GOES class/timing for 2022-03-28 X1.5
2022-03-28 15:14:00+00:00,5.262680813300998e-07,6.578351016626248e-06,offline replay calibrated to GOES class/timing for 2022-03-28 X1.5
2022-03-28 15:15:00+00:00,5.224060813611611e-07,6.530076017014513e-06,offline replay calibrated to GOES class/timing for 2022-03-28 X1.5
2022-03-28 15:16:00+00:00,5.185978449885519e-07,6.482473062356899e-06,offline replay calibrated to GOES class/timing for 2022-03-28 X1.5
2022-03-28 15:17:00+00:00,5.148424561755579e-07,6.435530702194474e-06,offline replay calibrated to GOES class/timing for 2022-03-28 X1.5
2022-03-28 15:18:00+00:00,5.111390124509076e-07,6.389237655636345e-06,offline replay calibrated to GOES class/timing for 2022-03-28 X1.5
2022-03-28 15:19:00+00:00,5.074866247921215e-07,6.343582809901519e-06,offline replay calibrated to GOES class/timing for 2022-03-28 X1.5
2022-03-28 15:20:00+00:00,5.038844175101805e-07,6.298555218877257e-06,offline replay calibrated to GOES class/timing for 2022-03-28 X1.5
2022-03-28 15:21:00+00:00,5.003315281354596e-07,6.254144101693245e-06,offline replay calibrated to GOES class/timing for 2022-03-28 X1.5
2022-03-28 15:22:00+00:00,4.968271073048712e-07,6.21033884131089e-06,offline replay calibrated to GOES class/timing for 2022-03-28 X1.5
2022-03-28 15:23:00+00:00,4.933703186501656e-07,6.16712898312707e-06,offline replay calibrated to GOES class/timing for 2022-03-28 X1.5
2022-03-28 15:24:00+00:00,4.899603386873377e-07,6.12450423359172e-06,offline replay calibrated to GOES class/timing for 2022-03-28 X1.5
2022-03-28 15:25:00+00:00,4.865963567070847e-07,6.082454458838559e-06,offline replay calibrated to GOES class/timing for 2022-03-28 X1.5
2022-03-28 15:26:00+00:00,4.832775746662685e-07,6.040969683328355e-06,offline replay calibrated to GOES class/timing for 2022-03-28 X1.5
2022-03-28 15:27:00+00:00,4.800032070803299e-07,6.000040088504124e-06,offline replay calibrated to GOES class/timing for 2022-03-28 X1.5
2022-03-28 15:28:00+00:00,4.7677248091660913e-07,5.959656011457614e-06,offline replay calibrated to GOES class/timing for 2022-03-28 X1.5
2022-03-28 15:29:00+00:00,4.735846354885221e-07,5.919807943606526e-06,offline replay calibrated to GOES class/timing for 2022-03-28 X1.5
2022-03-28 15:30:00+00:00,4.704389223505471e-07,5.880486529381839e-06,offline replay calibrated to GOES class/timing for 2022-03-28 X1.5
2022-03-28 15:31:00+00:00,4.673346051939777e-07,5.841682564924721e-06,offline replay calibrated to GOES class/timing for 2022-03-28 X1.5
2022-03-28 15:32:00+00:00,4.6427095974339434e-07,5.803386996792429e-06,offline replay calibrated to GOES class/timing for 2022-03-28 X1.5
2022-03-28 15:33:00+00:00,4.612472736538133e-07,5.765590920672666e-06,offline replay calibrated to GOES class/timing for 2022-03-28 X1.5
2022-03-28 15:34:00+00:00,4.582628464084682e-07,5.7282855801058525e-06,offline replay calibrated to GOES class/timing for 2022-03-28 X1.5
2022-03-28 15:35:00+00:00,4.553169892171854e-07,5.691462365214817e-06,offline replay calibrated to GOES class/timing for 2022-03-28 X1.5
2022-03-28 15:36:00+00:00,4.5240902491530864e-07,5.655112811441358e-06,offline replay calibrated to GOES class/timing for 2022-03-28 X1.5
2022-03-28 15:37:00+00:00,4.495382878631371e-07,5.619228598289214e-06,offline replay calibrated to GOES class/timing for 2022-03-28 X1.5
2022-03-28 15:38:00+00:00,4.467041238458351e-07,5.583801548072939e-06,offline replay calibrated to GOES class/timing for 2022-03-28 X1.5
2022-03-28 15:39:00+00:00,4.439058899737773e-07,5.548823624672217e-06,offline replay calibrated to GOES class/timing for 2022-03-28 X1.5
2022-03-28 15:40:00+00:00,4.411429545832928e-07,5.5142869322911594e-06,offline replay calibrated to GOES class/timing for 2022-03-28 X1.5
2022-03-28 15:41:00+00:00,4.3841469713777146e-07,5.480183714222143e-06,offline replay calibrated to GOES class/timing for 2022-03-28 X1.5
2022-03-28 15:42:00+00:00,4.3572050812909854e-07,5.446506351613731e-06,offline replay calibrated to GOES class/timing for 2022-03-28 X1.5
2022-03-28 15:43:00+00:00,4.3305978897938345e-07,5.413247362242293e-06,offline replay calibrated to GOES class/timing for 2022-03-28 X1.5
2022-03-28 15:44:00+00:00,4.304319519429509e-07,5.380399399286886e-06,offline replay calibrated to GOES class/timing for 2022-03-28 X1.5
2022-03-28 15:45:00+00:00,4.2783642000856116e-07,5.3479552501070145e-06,offline replay calibrated to GOES class/timing for 2022-03-28 X1.5
2022-03-28 15:46:00+00:00,4.2527262680183076e-07,5.315907835022884e-06,offline replay calibrated to GOES class/timing for 2022-03-28 X1.5
2022-03-28 15:47:00+00:00,4.227400164878216e-07,5.28425020609777e-06,offline replay calibrated to GOES class/timing for 2022-03-28 X1.5
2022-03-28 15:48:00+00:00,4.20238043673773e-07,5.252975545922162e-06,offline replay calibrated to GOES class/timing for 2022-03-28 X1.5
2022-03-28 15:49:00+00:00,4.177661733119452e-07,5.222077166399315e-06,offline replay calibrated to GOES class/timing for 2022-03-28 X1.5
2022-03-28 15:50:00+00:00,4.1532388060255175e-07,5.191548507531897e-06,offline replay calibrated to GOES class/timing for 2022-03-28 X1.5
2022-03-28 15:51:00+00:00,4.129106508967516e-07,5.161383136209395e-06,offline replay calibrated to GOES class/timing for 2022-03-28 X1.5
2022-03-28 15:52:00+00:00,4.1052597959967877e-07,5.1315747449959845e-06,offline replay calibrated to GOES class/timing for 2022-03-28 X1.5
2022-03-28 15:53:00+00:00,4.0816937207348464e-07,5.102117150918558e-06,offline replay calibrated to GOES class/timing for 2022-03-28 X1.5
2022-03-28 15:54:00+00:00,4.0584034354037125e-07,5.07300429425464e-06,offline replay calibrated to GOES class/timing for 2022-03-28 X1.5
2022-03-28 15:55:00+00:00,4.035384189855929e-07,5.044230237319911e-06,offline replay calibrated to GOES class/timing for 2022-03-28 X1.5
2022-03-28 15:56:00+00:00,4.012631330604066e-07,5.015789163255082e-06,offline replay calibrated to GOES class/timing for 2022-03-28 X1.5
2022-03-28 15:57:00+00:00,3.9901402998495016e-07,4.987675374811877e-06,offline replay calibrated to GOES class/timing for 2022-03-28 X1.5
2022-03-28 15:58:00+00:00,3.96790663451032e-07,4.9598832931378995e-06,offline replay calibrated to GOES class/timing for 2022-03-28 X1.5
2022-03-28 15:59:00+00:00,3.9459259652481154e-07,4.932407456560144e-06,offline replay calibrated to GOES class/timing for 2022-03-28 X1.5
2022-03-28 16:00:00+00:00,3.924194015493564e-07,4.905242519366955e-06,offline replay calibrated to GOES class/timing for 2022-03-28 X1.5
